{
  "auto_deploy.py": 1775356939.8419232,
  "bot.py": 1775979193.989964,
  "executor.py": 1775356939.8459227,
  "memory.py": 1775665202.8125494,
  "plan_v2.py": 1775526360.2913516,
  "prompt_specs.py": 1775356939.8469267,
  "release.py": 1775356939.8483248,
  "router.py": 1775356939.8503385,
  "session.py": 1775665202.8141499,
  "tg_notify.py": 1775356939.8653462,
  "workflows.py": 1775356939.8663461,
  "scripts\\commit.py": 1775665202.8125494,
  "scripts\\deploy-develop.ps1": 1775356939.8513389,
  "scripts\\notify.py": 1774430866.5464869,
  "scripts\\task_done.py": 1775356939.853339,
  "tests\\test_auto_deploy.py": 1775356939.8543396,
  "tests\\test_branch_guard.py": 1775356939.8553386,
  "tests\\test_commit_branch_guard.py": 1775665202.8141499,
  "tests\\test_conductor_memory.py": 1775665202.815155,
  "tests\\test_context_injection.py": 1775356939.8553386,
  "tests\\test_document.py": 1775356939.8553386,
  "tests\\test_executor.py": 1775356939.856339,
  "tests\\test_memory.py": 1775356939.856339,
  "tests\\test_memory_writer.py": 1775356939.8573384,
  "tests\\test_notify.py": 1775356939.8573384,
  "tests\\test_photo.py": 1775356939.8573384,
  "tests\\test_plan_command.py": 1775356939.8583393,
  "tests\\test_plan_error_handling.py": 1775665202.815155,
  "tests\\test_plan_execution_flow.py": 1775356939.8583393,
  "tests\\test_plan_integration.py": 1775356939.8593378,
  "tests\\test_plan_queue.py": 1775665202.815155,
  "tests\\test_plan_recovery.py": 1775356939.8593378,
  "tests\\test_plan_repo_dispatch.py": 1775665202.815155,
  "tests\\test_plan_status_recovery.py": 1775526360.2927303,
  "tests\\test_plan_store_v2.py": 1775526360.2927303,
  "tests\\test_prompt_specs.py": 1775356939.8613389,
  "tests\\test_pr_script.py": 1775356939.8603382,
  "tests\\test_release.py": 1775356939.8613389,
  "tests\\test_release_button.py": 1775356939.8618426,
  "tests\\test_restart_always_proceed.py": 1775979193.989964,
  "tests\\test_restart_pull.py": 1775356939.8618426,
  "tests\\test_restart_safety.py": 1775979193.9909725,
  "tests\\test_router.py": 1775356939.862847,
  "tests\\test_session.py": 1775356939.862847,
  "tests\\test_session_repo.py": 1775665202.8163967,
  "tests\\test_session_repo_integration.py": 1775665202.8163967,
  "tests\\test_status.py": 1775526360.2937355,
  "tests\\test_status_nonblocking.py": 1775526360.2951033,
  "tests\\test_task_callback.py": 1775356939.8643394,
  "tests\\test_task_done.py": 1775356939.8643394,
  "tests\\test_workflows.py": 1775356939.8653462,
  "tests\\__init__.py": 1774915549.8802698,
  "README.md": 1775665202.8113005,
  "requirements.txt": 1775356939.8493388,
  "docs\\task-pattern-detector.md": 1775356939.843924
}